address,alt_addr,canonical_addr,used,type,class_,icon,latitude,longitude,found_country,country_code,country_name
"Kensington,Palace,London,England",,,1,,,,51.505099,-0.1876332,True,GB,England
"Osborne House,Isle of Wight,England",,,1,,,,50.7505772,-1.2700819,True,GB,England
"Royal Mausoleum,Frogmore,Berkshire,England",,,1,,,,51.4740424,-0.5982796,True,GB,England
"Schloss Rosenau,Near Coburg,Germany",,,1,,,,51.1638175,10.4478313,True,DE,Germany
"Windsor Castle,Berkshire,England",,,1,,,,51.4837886,-0.6040419,True,GB,England
"Royal Masoleum,Frogmore,Windsor,England",,,1,,,,51.4756084,-0.597552,True,GB,England
"Buckingham,Palace,London,England",,,1,,,,51.4987752,-0.1412257,True,GB,England
"Throne Room,Buckingham Palac,England",,,1,,,,51.5008349,-0.1430045,True,GB,England
"Friedrichshof,Near,Kronberg,Taunus","Schlosshotel Kronberg (Friedrichshof), France","friedrichs, hof, france",1,,,,50.1797,8.5086,True,FR,France
"Friedenskirche,Potsdam","Friedenskirche, Germany","friedenskirche, germany",1,,,,52.4012197,13.0435766,True,DE,Germany
"Windsor,Berkshire,England",,,1,,,,51.4837886,-0.6040419,True,GB,England
"Darmstadt,,,Germany",,,1,,,,49.872775,8.651177,True,DE,Germany
"Schloss Rosenau,Near Coburg","Schloss Rosenau, Rödental, Bavaria, Germany","rodental, bavaria, germany",1,,,,50.299,11.027,True,DE,Germany
"Schomberg House,Pall Mall,London,England",,,1,,,,51.5064356,-0.1346766,True,GB,England
"Frogmore,,,England",,,1,,,,51.7190385,-0.3355844,True,GB,England
"Bagshot Park,Surrey","Bagshot Park, England","bagshot park, england, England",1,,,,51.3713392,-0.6931222,True,GB,England
Cannes,"Cannes, France","cannes, france",1,,,,43.5515198,7.0134418,True,FR,France
"Bantridge Park,Balcombe,Sussex,England",,,1,,,,51.0573017,-0.1329998,True,GB,England
"Yellow Palace,Copenhagen,Denmark",,,1,,,,55.6867243,12.5700724,True,DK,Denmark
"Sandringham,,Norfolk,England",,,1,,,,52.8427652,0.4318137,True,GB,England
"St. George Chap.,Windsor,Berkshire,England",,,1,,,,51.4837886,-0.6040419,True,GB,England
"Frogmore House,Windsor,Berkshire,England",,,1,,,,51.4743933,-0.5944637,True,GB,England
"Marlborough Hse,London,England",,,1,,,,51.504975,-0.1360297,True,GB,England
"Windsor Castle,St. George Chap.,Berkshire,England",,,1,,,,51.4534889,-1.031873,True,GB,England
"Marlborough,House,London,England",,,1,,,,51.5704927,-0.0953269,True,GB,England
"Portman Square,London,England",,,1,,,,51.5153798,-0.1546919,True,GB,England
"Coppins,Iver,Bucks,England",,,1,,,,51.7834994,-0.8946441,True,GB,England
"London,England",,,1,,,,51.4893335,-0.1440551,True,GB,England
"Neues Palais,Potsdam,Germany",,,1,,,,52.4013836,13.0158969,True,DE,Germany
"Friedenskirche,Potsdam,Germany",,,1,,,,52.4012197,13.0435766,True,DE,Germany
"Berlin,Germany",,,1,,,,52.510885,13.3989367,True,DE,Germany
"Haus Doorn,Netherlands",,,1,,,,52.030836,5.3445416,True,NL,Netherlands
Arolsen,"Arolsen, Germany","arolsen, germany",1,,,,51.3649894,9.0376388,True,DE,Germany
Tyrol,"Tyrol, Austria","tyrol, austria",1,,,,47.223193,11.5261028,True,AT,Austria
"Whippingham Ch.,Isle of Wight,England",,,1,,,,50.740502,-1.2703607,True,GB,England
Lausanne,"Lausanne, Switzerland","lausanne, switzerland",1,,,,46.5218269,6.6327025,True,CH,Switzerland
"St. George's,Chapel,Windsor Castle,England",,,1,,,,51.4837886,-0.6040419,True,GB,England
"White Lodge,Richmond Park,Surrey,England",,,1,,,,51.3368965,-0.3008938,True,GB,England
"Paris,,,France",,,1,,,,48.8534951,2.3483915,True,FR,France
"York Cottage,Sandringham,Norfolk,England",,,1,,,,52.8262326,0.5162681,True,GB,England
"St. George Chap.,,Windsor,England",,,1,,,,51.4837886,-0.6040419,True,GB,England
"Harewood House,Yorkshire,,England",,,1,,,,53.8948932,-1.5287425,True,GB,England
"Morven,,,Scotland",,,1,,,,58.233703,-3.6957832,True,GB,Scotland
"Wood Farm,Wolferton,Norfolk,England",,,1,,,,52.8293207,0.4625821,True,GB,England
"Tsarskoye Selo,Pushkin,,Russia","Pushkin, Russia","pushkin, russia",1,,,,59.7205467,30.4069376,True,NONE,
"Ekaterinburg,,,Russia","Yekaterinburg, Russia","yekaterinburg, russia",1,,,,56.839104,60.60825,True,NONE,
"Livadia,Crimea,Near Yalta,Russia","Livadia, Crimea","livadia, crimea",1,,,,44.4826,34.1505,False,,
"Cathedral of the,Fortress of P&P,St. Petersburg,Russia","Peter and Paul Cathedral, St Petersburg, Russia","cathedral street, petersburg, russia",1,,,,59.938732,30.316229,True,NONE,
"Copenhagen,,,Denmark",,,1,,,,55.6867243,12.5700724,True,DK,Denmark
"Alexander Palace,Tsarskoe Selo,,Russia","Alexander Palace, Tsarskoye Selo (Pushkin), Saint Petersburg, Russia","tsarskoye selo pushkin, saint petersburg, russia",1,,,,59.721,30.3957,True,NONE,
"Peterhof,Near,St. Petersburg,Russia","Peterhof, Russia","peter hof, russia",1,,,,59.9372321,30.2046418,True,NONE,
"17 Bruton St.,London,W1,England",,,1,,,,51.5074456,-0.1277653,True,GB,England
"Glamis Castle,,Angus,Scotland",,,1,,,,56.620378,-3.0019917,True,GB,Scotland
"Isle of Kerkira,Mon Repos,Corfu,Greece",,,1,,,,39.6062313,19.9261335,True,GR,Greece
"Buckingham,Palace,Music Room,England",,,1,,,,53.4011337,-2.9690906,True,GB,England
"Clarence House,St. James,,England",,,1,,,,51.1323289,0.2605632,True,GB,England
",,,England",,,1,,,,52.5310214,-1.2649062,True,GB,England
"Belgian Suite,Buckingham,Palace,England",,,1,,,,51.4987752,-0.1412257,True,GB,England
"St. Mary's Hosp.,Paddington,London,England",,,1,,,,51.517434,-0.1743245,True,GB,England
"Music Room,Buckingham,Palace,England",,,1,,,,51.4987752,-0.1412257,True,GB,England
"Park House,Sandringham,Norfolk,England",,,1,,,,52.8278528,0.5059864,True,GB,England
"Athens,Greece",,,1,,,,37.9755648,23.7348324,True,GR,Greece
"Kensington,Palace,,England",,,1,,,,51.505099,-0.1876332,True,GB,England
"3 Belgrave Sq.,,England",,,1,,,,51.5001785,-0.1543078,True,GB,England
",,,U.S.A.",,,1,,,,39.7837304,-100.445882,True,NONE,
"Charlottenlund,Denmark",,,1,,,,55.7552973,12.5671103,True,DK,Denmark
"Potsdam,Germany",,,1,,,,52.4009309,13.0591397,True,DE,Germany
"Frankfurt,Germany",,,1,,,,50.1106444,8.6820917,True,DE,Germany
"Tatoi,Near Athens,Greece",,,1,,,,37.8806976,23.9290924,True,GR,Greece
"Alapayevsk,Ural Mts.,,Russia","Alapayevsk, Russia","alapayevsk, russia",1,,,,64.6863136,97.7453061,True,NONE,
"Hesse-Darmstadt,Palace,,Germany",,,1,,,,52.5192592,13.2986637,True,DE,Germany
"Hadley Common,Hertfordshire,England",,,1,,,,51.8400523,-0.0978552,True,GB,England
"Private Chapel,Windsor Castle,Berkshire,England",,,1,,,,51.4837886,-0.6040419,True,GB,England
"Near,Wolverhampton,England",,,1,,,,52.5847651,-2.127567,True,GB,England
Barnwell Church,"Barnwell Church, Northamptonshire, England","england, England",1,,,,52.3975,-0.5324,True,GB,England
"St. Petersburg,,,Russia","Saint Petersburg, Russia","saint petersburg, russia",1,,,,59.938732,30.316229,True,NONE,
"Zurich,,,Switzerland",,,1,,,,47.3744489,8.5410422,True,CH,Switzerland
"Eastwell Park,Kent,England",,,1,,,,51.2786846,0.5375244,True,GB,England
"Castle Pelesch,Sinaia,Romania",,,1,,,,45.3454687,25.5481055,True,RO,Romania
Malta,,,1,,,,35.8885993,14.4476911,True,MT,Malta
"Donegal Bay,County Sligo,Ireland",,,1,,,,54.1929861,-8.7305427,True,IE,Ireland
"Coppins,,England",,,1,,,,51.5258257,-0.5092749,True,GB,England
"Thatched House,Lodge,,England",,,1,,,,51.3114688,0.1281046,True,GB,England
"Thatched House,Lodge,Richmond Park,England",,,1,,,,51.413123,-0.3123367,True,GB,England
"Kings College,Hospital,Denmark Hill","Kings College, England",England,1,,,,51.468043,-0.0896031,True,GB,England
Potsdam,"Potsdam, Germany","potsdam, germany",1,,,,52.4009309,13.0591397,True,DE,Germany
"Clarence House,London,,England",,,1,,,,51.5039837,-0.1384107,True,GB,England
Bagshot Park,"Bagshot Park, England","bagshot park, england, England",1,,,,51.3674201,-0.6939678,True,GB,England
"Stockholm,Sweden",,,1,,,,59.3251172,18.0710935,True,SE,Sweden
Helsingborg,"Helsingborg, Denmark","helsingborg, denmark",1,,,,56.0442098,12.703706,True,DK,Denmark
"Royal Cemetery,Haga Castle Park","Royal Cemetery, Haga Castle Park, Stockholm, Sweden","stockholm, sweden",1,,,,59.3686,18.0372,True,SE,Sweden
"Mar Lodge,Braemar,Aberdeenshire,England",,,1,,,,57.05529,-2.1163757,True,GB,England
Paris,"Paris, France","paris, france",1,,,,48.8534951,2.3483915,True,FR,France
"Castle Rising,Norfolk,England",,,1,,,,52.7969167,0.4673371,True,GB,England
"Grey Friars,Church,London,England",,,1,,,,51.2189247,1.3784493,True,GB,England
"Norfolk-House,St. James Square,London,England",,,1,,,,50.6995104,-1.2952483,True,GB,England
"Windsor Castle,Windsor,Berkshire,England",,,1,,,,51.4837886,-0.6040419,True,GB,England
"St. George Chap.,Windsor Castle,Berkshire,England",,,1,,,,51.4837886,-0.6040419,True,GB,England
Mirow,"Mirow, Germany","mirow, germany",1,,,,53.2851568,12.847677,True,DE,Germany
Kew Palace,"Kew Palace, England",England,1,,,,51.4838317,-0.2950549,True,GB,England
"Buckingham House,,London,England",,,1,,,,51.4404664,0.0810511,True,GB,England
"Sidmouth,Devon,,England",,,1,,,,50.6790033,-3.237657,True,GB,England
Coburg,"Coburg, Germany","coburg, germany",1,,,,50.2582226,10.964561,True,DE,Germany
"Frogmore House,Windsor,,England",,,1,,,,51.4743933,-0.5944637,True,GB,England
Thuringia,"Thuringia, Germany","thuringia, germany",1,,,,50.9014721,11.0377839,True,DE,Germany
Carlton House,"Carlton House, Pall Mall, Westminster, London, England","pall mall, london, england, England",1,,,,51.50665,-0.13268,True,GB,England
"Claremont House,Esher,Surrey,England",,,1,,,,51.3693938,-0.365415,True,GB,England
"Fortress of,Peter and Paul,,Russia","Peter and Paul Fortress, Russia",russia,1,,,,59.9500646,30.311686,True,NONE,
"Abbas Tuman,Caucasus,Russia","Abbas Tuman, Russia","tuman, russia",1,,,,43.345,42.44,True,NONE,
"Peter and Paul,Cathedral,,Russia","Peter and Paul, Russia","peter androna, paul, russia",1,,,,55.7445242,37.6055105,True,NONE,
"Perm,,,Russia","Perm, Russia","perm, russia",1,,,,58.014965,56.246723,True,NONE,
"East Toronto,Ontario,,Canada",,,1,,,,43.6901603,-79.3250179,True,CA,Canada
"York Cemetery,Toronto,Ontario,Canada",,,1,,,,43.7642978,-79.4245953,True,CA,Canada
Switzerland,,,1,,,,46.7985624,8.2319736,True,CH,Switzerland
"27 Welbech St.,Marylebone,London,England",,,1,,,,51.5196374,-0.1519627,True,GB,England
Birkhall,"Birkhall, Scotland","birkhall, scotland, Scotland",1,,,,57.028846,-3.074175,True,GB,Scotland
"St. James Palace,London,England",,,1,,,,51.5045329,-0.1377553,True,GB,England
"Rutland House,Arlington St.,London,England",,,1,,,,51.5071834,-0.1410021,True,GB,England
"Buckingham House,St. James Park,London,England",,,1,,,,51.4992816,-0.1345942,True,GB,England
Ludwigsburg,"Ludwigsburg, Germany","ludwigsburg, germany",1,,,,48.8953937,9.1895147,True,DE,Germany
Buckingham House,"Buckingham House, England",England,1,,,,51.5694535,-0.0955147,True,GB,England
"Clarence House,St. James","Clarence House, England",England,1,,,,51.1323289,0.2605632,True,GB,England
"Frankfurt,-am-Main","Frankfurt am Main, Germany","frankfurt am main, germany",1,,,,50.0877734,8.5853242,True,DE,Germany
Herrenhausen,"Herrenhausen, Germany","herrenhausen, germany",1,,,,52.407334,9.675882,True,DE,Germany
Kensington Palac,"Kensington Palace, London, England","london, england, England",1,,,,51.5059,-0.1883,True,GB,England
"Gloucester House,Piccadilly,London,England",,,1,,,,51.5039979,-0.1492301,True,GB,England
"Vicarage Place,Kensington","Vicarage Place, England","vicarage place england, England",1,,,,51.4989948,-0.1991229,True,GB,England
"Royal Lodge,Windsor,Berkshire,England",,,1,,,,51.4390038,-0.6067267,True,GB,England
"Augusta Lodge,Windsor,Berkshire,England",,,1,,,,51.4837886,-0.6040419,True,GB,England
Meiningen,"Meiningen, Germany","meiningen, germany",1,,,,50.56761,10.4153029,True,DE,Germany
"Near Stanmore,Middlesex,England",,,1,,,,51.5460558,-0.2537791,True,GB,England
"Furstenhof,Hanover","Furstenhof, Germany","fursten, hof, germany",1,,,,52.3716259,9.7288366,True,DE,Germany
St. James Palac,"St. James Palac, England",England,1,,,,51.5045329,-0.1377553,True,GB,England
Bushy Park,"Bushy Park, England","bushy park, england, England",1,,,,51.4168626,-0.3370444,True,GB,England
Gottorp,"Gottorp, Sweden","gottorp, sweden",1,,,,58.5649996,15.4716503,True,SE,Sweden
Amalienborg,"Amalienborg, Denmark","amalienborg, denmark",1,,,,55.6839601,12.5930781,True,DK,Denmark
"Roskilde,Denmark",,,1,,,,55.6433478,12.0819247,True,DK,Denmark
Cassel,"Kassel, Germany","kassel, germany",1,,,,51.3157833,9.4978479,True,DE,Germany
Bernstorff,"Bernstorff, Denmark","bernstorff, denmark",1,,,,55.7584315,12.5523479,True,DK,Denmark
Salonika,"Thessaloniki, Greece","thessaloniki, greece",1,,,,4.631736,-74.0747515,True,GR,Greece
Tatoi,"Tatoi, Greece","tatoi, greece",1,,,,38.067669,23.7577148,True,GR,Greece
"Lausanne,Switzerland",,,1,,,,46.5218269,6.6327025,True,CH,Switzerland
"Schloss,Heiligenberg","Schloss, France",France,1,,,,47.8168027,9.309977,True,FR,France
England,,,1,,,,52.5310214,-1.2649062,True,GB,England
"Palermo,Italy",,,1,,,,38.1112268,13.3524434,True,IT,Italy
Ostende,"Ostende, Belgium","ostende, belgium",1,,,,51.2258565,2.919496,True,BE,Belgium
"Laeken,Belgium",,,1,,,,50.883392,4.3487134,True,BE,Belgium
"Hanover,Germany",,,1,,,,52.3744779,9.7385532,True,DE,Germany
Hanover,"Hanover, Germany","hanover, germany",1,,,,52.3744779,9.7385532,True,DE,Germany
Hildburghausen,"Hildburghausen, Germany","hildburghausen, germany",1,,,,50.4266327,10.7300263,True,DE,Germany
"Gmunden,Austria",,,1,,,,47.9185855,13.8003048,True,AT,Austria
Gmunden,"Gmunden, Austria","gmunden, austria",1,,,,47.9185855,13.8003048,True,AT,Austria
"Caernarvon,Castle,Wales",,,1,,,,51.6247029,-3.9454009,True,GB,Wales
"Berkeley Castle,Gloucestershire","Berkeley Castle, England",England,1,,,,51.6888596,-2.456937,True,GB,England
"Gloucester,Cathedral","Gloucester, England","gloucester, england, England",1,,,,51.8673376,-2.2467498,True,GB,England
"Sigmaringen,Germany",,,1,,,,48.0869139,9.2165039,True,DE,Germany
"Sinaia,Romania",,,1,,,,45.3454687,25.5481055,True,RO,Romania
"Barnwell Church,,England",,,1,,,,52.2161562,0.1628335,True,GB,England
"St. Marys Hosp.,Paddington,England",,,1,,,,51.5161629,-0.1744856,True,GB,England
Czechoslovakia,"czechoslovakia, Poland","czechoslovakia, poland",1,,,,49.7439047,15.3381061,True,PL,Poland
"Chapel Royal,St. James Palace,England",,,1,,,,51.5045329,-0.1377553,True,GB,England
"Herrenhausen,Palace,Hannover,Germany",,,1,,,,52.3909854,9.6972057,True,DE,Germany
"Westminster,Abbey,London,England",,,1,,,,51.4981579,-0.1319441,True,GB,England
"Leicester-House,,London,England",,,1,,,,51.4676401,-0.1057857,True,GB,England
The Hague,"The Hague, Netherlands","the hague, netherlands",1,,,,52.0799838,4.3113461,True,NL,Netherlands
"Cavendish Square,,London,England",,,1,,,,51.5164887,-0.1450325,True,GB,England
"St. James Palace,,,England",,,1,,,,51.5045329,-0.1377553,True,GB,England
Leicester House,"Leicester House, England",England,1,,,,51.4676401,-0.1057857,True,GB,England
Hanau,"Hanau, France","hanau, france",1,,,,50.132881,8.9169797,True,FR,France
"Leicester House,London,England",,,1,,,,51.4676401,-0.1057857,True,GB,England
"Christiansborg,Denmark",,,1,,,,55.6756505,12.5800406,True,DK,Denmark
Gotha,"Gotha, Germany","gotha, germany",1,,,,50.9494849,10.7014435,True,DE,Germany
Norfolk House,"Norfolk House, England",England,1,,,,51.5073666,-0.1334353,True,GB,England
Monaco,,,1,,,,43.7323492,7.4276832,True,MC,Monaco
Gloucester House,"Gloucester House, England",England,1,,,,53.4701954,-0.0158088,True,GB,England
Celle,"Celle, Germany","celle, germany",1,,,,52.624056,10.081052,True,DE,Germany
"Leineschloss,Osnabruck,Hanover,Germany",,,1,,,,52.3744779,9.7385532,True,DE,Germany
Osnabruck,"Osnabrück, Germany","osnabruck, germany",1,,,,52.2719595,8.047635,True,DE,Germany
"Moved in 1957 to,Herrenhausen","Herrenhausen, Germany","herrenhausen, germany",1,,,,52.407334,9.675882,True,DE,Germany
"Monbijou Palace,,Berlin,Germany",,,1,,,,52.510885,13.3989367,True,DE,Germany
Christiansborg,"Christiansborg, Denmark","christiansborg, denmark",1,,,,55.6756505,12.5800406,True,DK,Denmark
Dolzig,"Dolzig, Poland","dolzig, poland",1,,,,51.9866,17.0653695,True,PL,Poland
",,Portugal",,,1,,,,39.6621648,-8.1353519,True,PT,Portugal
"Aachen,West Germany","Aachen, Germany","aachen, germany",1,,,,51.132302,6.4107342,True,DE,Germany
Greiz,"Greiz, Germany","greiz, germany",1,,,,50.7783814,12.0763533,True,DE,Germany
"Frankfurt an der,Oder","Frankfurt (Oder), Germany","frankfurt oder, germany",1,,,,52.3365359,14.5466945,True,DE,Germany
"San Ildefonso,,Spain",,,1,,,,41.3632004,2.0833386,True,ES,Spain
"Madrid,,Spain",,,1,,,,40.4167047,-3.7035825,True,ES,Spain
Pelesch,"pelesch, Russia","pelesch, russia",1,,,,45.3601,25.5426,True,NONE,
"Cannes,France",,,1,,,,43.5515198,7.0134418,True,FR,France
"Villa Mar y Sol,Estoril,Portugal",,,1,,,,38.7095707,-9.3901368,True,PT,Portugal
"Appleton House,Sandringham,Norfolk,England",,,1,,,,52.8427652,0.4318137,True,GB,England
Norway,,,1,,,,61.1529386,8.7876653,True,NO,Norway
"Skaugum,Near Oslo,Norway",,,1,,,,61.1529386,8.7876653,True,NO,Norway
"Drottningholm,Near Stockholm,Sweden",,,1,,,,59.3294531,18.0672982,True,SE,Sweden
Karlsruhe,"Karlsruhe, Germany","karlsruhe, germany",1,,,,49.0068705,8.4034195,True,DE,Germany
"Rome,Italy",,,1,,,,41.8933203,12.4829321,True,IT,Italy
Biebrich,"Biebrich, France","biebrich, france",1,,,,50.3030289,7.9544958,True,FR,France
"Pelesch,Sinaia,Romania",,,1,,,,45.3454687,25.5481055,True,RO,Romania
"Blankenburg,Harz,Germany",,,1,,,,51.7902676,10.9551991,True,DE,Germany
Psychiko,"Psychiko, Greece","psychiko, greece",1,,,,38.0130854,23.772085,True,GR,Greece
"Venice,Italy",,,1,,,,45.4371908,12.3345898,True,IT,Italy
Belgrade,"Belgrade, Russia","belgrade, russia",1,,,,44.8178131,20.4568974,True,NONE,
"Fontainebleau,France",,,1,,,,48.4049375,2.7015872,True,FR,France
"Germain-en-Laye,France",,,1,,,,48.8990413,2.0942792,True,FR,France
"St. Denis,France",,,1,,,,48.935773,2.3580232,True,FR,France
Berlin,"Berlin, Germany","berlin, germany",1,,,,52.510885,13.3989367,True,DE,Germany
"Marmorpalais,Potsdam","Marmorpalais, Germany",Germany,1,,,,52.4128011,13.0697772,True,DE,Germany
Wolfenbuttel,"Wolfenbuttel, Germany","wolfenbuttel, germany",1,,,,52.1625283,10.5348215,True,DE,Germany
Stettin,"Stettin, Germany","stettin, germany",1,,,,53.4296809,14.5929127,True,DE,Germany
Charlottenburg,"Charlottenburg, Germany","charlottenburg, germany",1,,,,52.5050484,13.3045162,True,DE,Germany
"Oatlands Park,Weybridge,Surrey,England",,,1,,,,51.3753412,-0.4422764,True,GB,England
Prenzlau,"Prenzlau, Germany","prenzlau, germany",1,,,,53.3167,13.866575,True,DE,Germany
"Oraniensaal,The Hague","Oraniensaal, Netherlands","oraniensaal, netherlands",1,,,,52.0799838,4.3113461,True,NL,Netherlands
"Near Borga,Finland,Finland",,,1,,,,63.2467777,25.9209164,True,FI,Finland
Tiflis,"Tiflis, Russia","tiflis, russia",1,,,,41.6934591,44.8014495,True,NONE,
Pembroke Castle,"Pembroke Castle, England",England,1,,,,51.6772486,-4.9207686,True,GB,England
Berkhamsted,"Berkhamsted, England","berkhamsted, england, England",1,,,,51.7607271,-0.5652554,True,GB,England
"Kussnacht,Switzerland",,,1,,,,47.08385,8.4386308,True,CH,Switzerland
Laeken,"Laeken, Belgium","laeken, belgium",1,,,,50.883392,4.3487134,True,BE,Belgium
"Brussels,Belgium",,,1,,,,50.8465573,4.351697,True,BE,Belgium
"Near Brussels,Belgium",,,1,,,,50.8453219,4.368987,True,BE,Belgium
"Chateau de,Stuyvenberg","Chateau de, Belgium",Belgium,1,,,,50.8424632,4.4600106,True,BE,Belgium
Haga Castle,"Royal Cemetery, Haga Castle Park, Stockholm, Sweden","stockholm, sweden",1,,,,59.3686,18.0372,True,SE,Sweden
"Hamburg,Germany",,,1,,,,53.550341,10.000654,True,DE,Germany
"Charlottenlund,Nr: Copenhagen,Denmark",,,1,,,,55.7003305,12.5588664,True,DK,Denmark
Schwerin,"Schwerin, Germany","schwerin, germany",1,,,,53.6288297,11.4148038,True,DE,Germany
Copenhagen,"Copenhagen, Denmark","copenhagen, denmark",1,,,,55.6867243,12.5700724,True,DK,Denmark
"Sorgenfri,Nr: Copenhagen,Denmark",,,1,,,,55.7003305,12.5588664,True,DK,Denmark
"Munich,Germany",,,1,,,,48.1371079,11.5753822,True,DE,Germany
"Theatinerkirche,Munich,Germany",,,1,,,,48.1420299,11.5766146,True,DE,Germany
"Mannheim,Germany",,,1,,,,49.4892913,8.4673098,True,DE,Germany
"Schloss,Nymphenburg,Germany",,,1,,,,48.1582569,11.5032967,True,DE,Germany
Theatinerkirche,"Theatinerkirche, Germany",Germany,1,,,,48.1420299,11.5766146,True,DE,Germany
"The Hague,Netherlands",,,1,,,,52.0749456,4.2696802,True,NL,Netherlands
Tilburg,"Tilburg, Netherlands","tilburg, netherlands",1,,,,51.5856184,5.0660616,True,NL,Netherlands
Het Loo,"Het Loo, Netherlands","het loo, netherlands",1,,,,51.9713719,6.2813956,True,NL,Netherlands
Jena,"Jena, Germany","jena, germany",1,,,,50.9281717,11.5879359,True,DE,Germany
"Soetdijk,Palace,Netherlands",,,1,,,,53.2180116,6.5678847,True,NL,Netherlands
Brunn,"Brunn, Germany","brunn, germany",1,,,,53.6711367,13.3706436,True,DE,Germany
"Schloss,Wildenwart","Schloss, Germany",Germany,1,,,,47.8281102,12.3119011,True,DE,Germany
"Dom Church,Munich,Germany",,,1,,,,48.1371079,11.5753822,True,DE,Germany
"Sarvar,Hungary",,,1,,,,47.2517426,16.9342165,True,HU,Hungary
"Whitehall,,England",,,1,,,,51.5028139,-0.1261997,True,GB,England
"Hampton Court,Palace,England",,,1,,,,51.508217,-0.0761879,True,GB,England
"Syon House,Brentford,Middlesex,England",,,1,,,,51.5460558,-0.2537791,True,GB,England
"Berkeley House,,England",,,1,,,,51.3330794,-0.419637,True,GB,England
"St. Germain-,en-Laye,France",,,1,,,,48.8990413,2.0942792,True,FR,France
"Cranbourne Lodge,Near,Windsor,England",,,1,,,,53.4549241,-2.1480809,True,GB,England
Whitehall,"Whitehall, England","whitehall, england, England",1,,,,51.5042602,-0.126329,True,GB,England
"Richmond Palace,,England",,,1,,,,51.4608257,-0.3088135,True,GB,England
"Richmond Palace,London,England",,,1,,,,51.4608257,-0.3088135,True,GB,England
"Convent of,Chaillot,France",,,1,,,,48.8689495,2.2920996,True,FR,France
"Frascati,,Italy",,,1,,,,41.8082452,12.6803684,True,IT,Italy
Mons,"Mons, Belgium","monsenor, belgium",1,,,,50.4549568,3.951958,True,BE,Belgium
"Florence,,Italy",,,1,,,,43.7697955,11.2556404,True,IT,Italy
"Edinburgh Castle,,Scotland",,,1,,,,55.9486867,-3.2004175,True,GB,Scotland
"Theobalds Park,Hertfordshire,Herts,England",,,1,,,,51.8400523,-0.0978552,True,GB,England
"Skanderborg,Castle","Skanderborg, Denmark","skanderborg, denmark",1,,,,51.6247029,-3.9454009,True,DK,Denmark
"Hampton Court,Palace","Hampton Court, England","hampton court, england, England",1,,,,51.406013,-0.340939,True,GB,England
Stirling Castle,"Stirling Castle, Scotland",Scotland,1,,,,56.1240308,-3.9480016,True,GB,Scotland
Dunfermline,"Dunfermline, Scotland","dunfermline, scotland, Scotland",1,,,,56.0713724,-3.4616183,True,GB,Scotland
Dalkeith Palace,"Dalkeith Palace, Scotland",Scotland,1,,,,55.9330206,-3.1660627,True,GB,Scotland
Linlithgow,"Linlithgow, Scotland","linlithgow, scotland, Scotland",1,,,,55.977167,-3.6006234,True,GB,Scotland
"Dunfermline,Scotland",,,1,,,,56.0713724,-3.4616183,True,GB,Scotland
"Whitehall Palace,,England",,,1,,,,51.5045613,-0.1240287,True,GB,England
"St. George's,Chapel,Windsor,England",,,1,,,,51.4836506,-0.6067923,True,GB,England
Stirling,"Stirling, Scotland","stirling, scotland, Scotland",1,,,,56.1181242,-3.9360012,True,GB,Scotland
Greenwich Palace,"Greenwich Palace, England",England,1,,,,51.4470989,0.0485919,True,GB,England
"Stanwell Park,Middlesex,England",,,1,,,,51.5460558,-0.2537791,True,GB,England
Haderslevhus,"Haderslev, Denmark","haderslev, denmark",1,,,,55.2498739,9.4914451,True,DK,Denmark
"Antvorslev,Castle","Antvorslev, England","antvorslev, england, England",1,,,,51.6247029,-3.9454009,True,GB,England
"Roskilde,Cathedral,Denmark",,,1,,,,55.6426436,12.0804349,True,DK,Denmark
Wismar,"Wismar, Germany","wismar, germany",1,,,,53.8909832,11.4647932,True,DE,Germany
Nykobing,"Nykøbing, Denmark","nykobing, denmark",1,,,,54.7646137,11.8709918,True,DK,Denmark
"Hotel du Louvre,Paris,France",,,1,,,,48.8628245,2.3356655,True,FR,France
"Colombe,Near Paris,France",,,1,,,,46.603354,1.8883335,True,FR,France
St. Denis,"St. Denis, France","street, denis, france",1,,,,48.935773,2.3580232,True,FR,France
"Pau,Navarre,France",,,1,,,,49.098344,-0.1922837,True,FR,France
"Carisbrooke,Castle,Isle of Wight,England",,,1,,,,50.6876645,-1.3136548,True,GB,England
"Oatlands,Surrey,England",,,1,,,,51.1768683,-0.1557724,True,GB,England
Whitehall Palace,"Whitehall Palace (Banqueting House site), London, England","london, england, England",1,,,,51.5047,-0.1246,True,GB,England
"Bedford House,Exeter,England",,,1,,,,50.7256138,-3.5269209,True,GB,England
St. Cloud,"St. Cloud, United States","street cloud, united states",1,,,,45.5616075,-94.1642004,True,US,United States
"Vila Vicosa,Lisbon,Portugal",,,1,,,,38.7077507,-9.1365919,True,PT,Portugal
"Bemposta,Palace,Lisbon,Portugal",,,1,,,,38.8000032,-9.3850431,True,PT,Portugal
Belem,"Belem, Portugal","belem, portugal",1,,,,-1.45056,-48.4682453,True,PT,Portugal
Rendsborg,"Rendsborg, Denmark","rendsborg, denmark",1,,,,54.3000225,9.6516356,True,DK,Denmark
"Schloss Iburg,Near,Osnabruck","Schloss Iburg, Germany","iburg, germany",1,,,,52.2719595,8.047635,True,DE,Germany
"Berlin,Cathedral,Germany",,,1,,,,53.8609125,10.6857599,True,DE,Germany
"Konigsberg,Prussia",,,1,,,,51.0416043,7.173014,True,DE,Prussia
"Pembroke Castle,Pembrokeshire,England",,,1,,,,52.5310214,-1.2649062,True,GB,England
"Richmond Palace,Richmond Surrey,England",,,1,,,,51.3066341,-0.7166168,True,GB,England
"Henry VII Chapel,Westminster,Abbey,England",,,1,,,,51.004756,-2.2000702,True,GB,England
"Westminster,Palace,London,England",,,1,,,,51.4993871,-0.1244812,True,GB,England
"Tower of London,London,England",,,1,,,,51.508217,-0.0761879,True,GB,England
"Henry VII Chapel,Westminster,Abbey,London","Henry VII Chapel, England","7, henry, chapel, england, England",1,,,,51.5346682,-0.1809044,True,GB,England
"St. Swithin's,Priory,Winchester,England",,,1,,,,50.8739049,-1.1117686,True,GB,England
Ludlow Castle,"Ludlow Castle, England",England,1,,,,52.3671823,-2.7230141,True,GB,England
Methven Castle,"Methven Castle, Scotland",Scotland,1,,,,56.4168208,-3.5549253,True,GB,Scotland
"Buenos Aires,Argentina",,,1,,,,-34.6083696,-58.4440583,True,AR,Argentina
"Portland Hosp.,,England",,,1,,,,50.5658306,-2.4449716,True,GB,England
"Greenwich Palace,,England",,,1,,,,52.5310214,-1.2649062,True,GB,England
"Whitehall,London,England",,,1,,,,51.5032704,-0.1260254,True,GB,England
"Eltham Palace,,England",,,1,,,,51.4470989,0.0485919,True,GB,England
"Westhorpe,Suffolk,England",,,1,,,,52.2820199,0.9929034,True,GB,England
"Bishops Hatfield,Herts,England",,,1,,,,51.7556888,-0.2359909,True,GB,England
"Tower of London,,England",,,1,,,,51.508217,-0.0761879,True,GB,England
"Near Madrid,,Spain",,,1,,,,39.3260685,-4.8379791,True,ES,Spain
"Kimbolton Castle,Hunts,England",,,1,,,,53.0381735,-1.3758361,True,GB,England
"Peterborough,Cathedral,England",,,1,,,,53.3827979,-1.4693102,True,GB,England
"Linlithgow,,Scotland",,,1,,,,55.977167,-3.6006234,True,GB,Scotland
"Blois,France",,,1,,,,47.5876861,1.3337639,True,FR,France
"Greenwich Palace,London,England",,,1,,,,51.4893335,-0.1440551,True,GB,England
"Blickling Hall,Norfolk,England",,,1,,,,52.811735,1.2317081,True,GB,England
"Chapel Royal,Tower of London,London,England",,,1,,,,51.508217,-0.0761879,True,GB,England
"Greenwich,,England",,,1,,,,51.4820845,-0.0045417,True,GB,England
"Wolf Hall,Savernake,Wilts","Wolf Hall (Wulfhall), Burbage, Wiltshire, England","burbage, england, England",1,,,,51.3517,-1.6637,True,GB,England
Dusseldorf,"Düsseldorf, Germany","dusseldorf, germany",1,,,,51.2254018,6.7763137,True,DE,Germany
"Chelsea,,England",,,1,,,,51.4875167,-0.1687007,True,GB,England
Lambeth,"Lambeth, England","lambeth, england, England",1,,,,51.4952111,-0.1163354,True,GB,England
"Chapel Royal,London,England",,,1,,,,51.4035262,-0.3368838,True,GB,England
Kendal Castle,"Kendal Castle, England","kendal castle, england, England",1,,,,54.3248665,-2.7364732,True,GB,England
"Sudeley Castle,Gloucestershire","Sudeley Castle, England",England,1,,,,51.9473749,-1.9564293,True,GB,England
"Sudeley Castle,Chapel","Sudeley Castle (St Mary’s Chapel), Winchcombe, Gloucestershire, England","winchcombe, england, England",1,,,,51.9519,-1.9586,True,GB,England
"Bradgate,Leicestershire","Bradgate, England","bradgate, england, England",1,,,,52.7896379,-1.2191206,True,GB,England
"Tower of London,Tower Green,London,England",,,1,,,,51.5991,-0.0841069,True,GB,England
"Tower of London,Chapel Royal,London,England",,,1,,,,51.4035262,-0.3368838,True,GB,England
Valladolid,"Valladolid, Spain","valladolid, spain",1,,,,41.6521807,-4.728605,True,ES,Spain
"El Escorial,Palace,Madrid,Spain",,,1,,,,40.4178245,-3.7151134,True,ES,Spain
Evesham,"Evesham, England","evesham, england, England",1,,,,52.0940158,-1.9483083,True,GB,England
",,Yugoslavia",,,1,,,,44.0243229,21.0765743,True,NONE,
U.S.A.,U.S.A.,usa,1,,,,14.4028193,120.9277336,True,NONE,
"Washington D.C.,U.S.A.","Washington D.C., United States","washington, district of columbia, united states",1,,,,38.9550407,-77.0831894,True,US,United States
"Versailles,France",,,1,,,,48.8035403,2.1266886,True,FR,France
"Madrid,Spain,Spain",,,1,,,,39.3260685,-4.8379791,True,ES,Spain
",,Spain",,,1,,,,39.3260685,-4.8379791,True,ES,Spain
"Oslo,Norway",,,1,,,,59.9133301,10.7389701,True,NO,Norway
",,Brazil",,,1,,,,-10.3333333,-53.2,True,BR,Brazil
"Roman,Romania",,,1,,,,46.92528,26.9284165,True,RO,Romania
"Fotheringay,Castle","Fotheringay, England","fotheringay, england, England",1,,,,51.6247029,-3.9454009,True,GB,England
Bosworth,"Bosworth, United States","bosworth, united states",1,,,,39.469745,-93.3346524,True,US,United States
"Grey Friars,Abbey,Leicester","Grey Friars, England","grey, friars, england, England",1,,,,52.6486906,-1.1369949,True,GB,England
"Warwick Castle,Warwick,England",,,1,,,,52.2779842,-1.5873445,True,GB,England
"Middleham Castle,Yorkshire,England",,,1,,,,54.284101,-1.8068844,True,GB,England
"Rouen,France",,,1,,,,49.4404591,1.0939658,True,FR,France
"Grafton Regis,Northants","Grafton Regis, England","grafton regis, england, England",1,,,,52.3106138,-0.865913,True,GB,England
Bermondsey Abbey,"Bermondsey Abbey, England","bermondsey, abbey, england, England",1,,,,51.4980987,-0.0728123,True,GB,England
"Quarr Abbey,Isle of Wight,England",,,1,,,,50.7315258,-1.205039,True,GB,England
"Sanctuary,Westminster,England",,,1,,,,51.4979855,-0.1302065,True,GB,England
Shrewsbury,"Shrewsbury, England","shrewsbury, england, England",1,,,,52.707755,-2.7540658,True,GB,England
"Westminster,Palace","Westminster, England","westminster, england, England",1,,,,51.5008349,-0.1430045,True,GB,England
Eltham Palace,"Eltham Palace, England",England,1,,,,51.4470989,0.0485919,True,GB,England
Tiverton,"Tiverton, England","tiverton, england, England",1,,,,50.9025623,-3.4875797,True,GB,England
Dartford,"Dartford, England","dartford, england, England",1,,,,51.4443059,0.21807,True,GB,England
"Westminster,Palace,England",,,1,,,,51.4993871,-0.1244812,True,GB,England
Tewkesbury,"Tewkesbury, England","tewkesbury, england, England",1,,,,51.9937857,-2.1549574,True,GB,England
Malmo,"Malmo, Denmark","malmo, denmark",1,,,,55.6052931,13.0001566,True,DK,Denmark
"Grunau,Austria",,,1,,,,48.0990638,15.5032811,True,AT,Austria
Jassy,"Jassy, Russia","jassy, russia",1,,,,47.1615598,27.5837814,True,NONE,
"Estoril,Portugal",,,1,,,,38.7095707,-9.3901368,True,PT,Portugal
Stockholm,"Stockholm, Sweden","stockholm, sweden",1,,,,59.3251172,18.0710935,True,SE,Sweden
Stuttgart,"Stuttgart, Germany","stuttgart, germany",1,,,,48.7784485,9.1800132,True,DE,Germany
"Het Loo,Apeldoorn","Het Loo, Netherlands","het loo, netherlands",1,,,,52.2289445,5.9426634,True,NL,Netherlands
"Cotroceni Palace,Bucharest,Romania",,,1,,,,44.4361414,26.1027202,True,RO,Romania
"Neuwied,Germany",,,1,,,,50.4302393,7.466302,True,DE,Germany
"Curtea de Arges,Romania",,,1,,,,45.1469341,24.6779826,True,RO,Romania
"Marche-les-Dames,Near Namur","Marche-les-Dames, France","marche-les-dames, france",1,,,,50.5026,4.9333,True,FR,France
Possenhofen,"Possenhofen, Germany","possenhofen, germany",1,,,,47.9592147,11.3111908,True,DE,Germany
"Highbury,London,England",,,1,,,,51.5457996,-0.1027127,True,GB,England
Darmstadt,"Darmstadt, Germany","darmstadt, germany",1,,,,49.872775,8.651177,True,DE,Germany
"Near,Heidelberg,Germany",,,1,,,,49.4093582,8.694724,True,DE,Germany
Strassburg,"Strasbourg, France","strasbourg, france",1,,,,48.584614,7.7507127,True,FR,France
Nice,"Nice, France","nice, france",1,,,,43.7009358,7.2683912,True,FR,France
"St. Boniface,Church,Munich","St. Boniface, Germany","street, boniface, germany",1,,,,48.1371079,11.5753822,True,DE,Germany
Munich,"Munich, Germany","munich, germany",1,,,,48.1371079,11.5753822,True,DE,Germany
"Schloss,Hohenschwangau","Schloss, Germany",Germany,1,,,,47.5575522,10.7496959,True,DE,Germany
"Schloss,Nymphenburg","Schloss, Germany",Germany,1,,,,48.1582569,11.5032967,True,DE,Germany
"Starnbergersee,Near Schloss,Berg","Starnbergersee, France","starnbergersee, france",1,,,,49.4307696,6.3111933,True,FR,France
"St. Michaels,Church,Munich","St. Michaels, Germany","street, michaels, germany",1,,,,48.1371079,11.5753822,True,DE,Germany
"Near,Munich","Munich, Germany","munich, germany",1,,,,48.1371079,11.5753822,True,DE,Germany
"Salzburg,Austria",,,1,,,,47.7981346,13.0464806,True,AT,Austria
"Bamberg,Germany",,,1,,,,49.8916044,10.8868478,True,DE,Germany
"Sans Souci,Potsdam,Germany",,,1,,,,52.3994191,13.0653196,True,DE,Germany
"Coln au Der,Spree","Coln au Der, Germany","coln au der germany, Germany",1,,,,51.8426075,14.1392316,True,DE,Germany
Grabow,"Grabow, Germany","grabow, germany",1,,,,53.2789153,11.5625238,True,DE,Germany
Dotzingen,"Dotzingen, France","dotzingen, france",1,,,,47.1208887,7.3435968,True,FR,France
"Pont-a-Mousson,Lorraine","Pont-a-Mousson, France","pont-a-mousson, france",1,,,,48.9025946,6.0547691,True,FR,France
"Chateau de,Dampiere,Near Saumur","Chateau de, France",France,1,,,,47.261,-0.065,True,FR,France
"Angers,Cathedral","Angers, France","angers, france",1,,,,47.4708864,-0.5580321,True,FR,France
Monmouth,"Monmouth, United States","monmouth, united states",1,,,,40.2932319,-74.1671114,True,US,United States
"Bois de,Vincennes","Bois de, France","bois de france, France",1,,,,48.831548,2.4341479,True,FR,France
"Bermondsey,Abbey","Bermondsey, England","bermondsey, england, England",1,,,,51.4980987,-0.0728123,True,GB,England
"Bolingbrooke,Castle","Bolingbrooke, England","bolingbrooke, england, England",1,,,,51.6247029,-3.9454009,True,GB,England
"Canterbury,Cathedral,England",,,1,,,,53.3827979,-1.4693102,True,GB,England
"Peterborough,Castle","Peterborough, England","peterborough, england, England",1,,,,52.6569988,-0.3000383,True,GB,England
Kenilworth,"Kenilworth, United States","kenilworth, united states",1,,,,42.0894728,-87.7149295,True,US,United States
Beauge,"Beauge, France","beauge, france",1,,,,47.3099134,0.6592649,True,FR,France
Rouen,"Rouen, France","rouen, france",1,,,,49.4404591,1.0939658,True,FR,France
Bury St. Edmunds,"Bury St. Edmunds, England","bury street, edmunds, england, England",1,,,,52.2460367,0.7125173,True,GB,England
Germany,,,1,,,,51.1638175,10.4478313,True,DE,Germany
"Convent,of Vadstena","Convent, Sweden","convent, sweden",1,,,,58.4483628,14.8920065,True,SE,Sweden
Sheen Palace,"Richmond Palace (site of Sheen Palace), Richmond upon Thames, England","richmond upon thames, england, England",1,,,,51.4612,-0.3089,True,GB,England
Valenciennes,"Valenciennes, France","valenciennes, france",1,,,,50.3579317,3.5234846,True,FR,France
"Woodstock,Oxfordshire,England",,,1,,,,51.8474887,-1.3545343,True,GB,England
"Canterbury,Cathedral,London,England",,,1,,,,51.4958266,-0.1394181,True,GB,England
Woodstock,"Woodstock, United States","woodstock, united states",1,,,,42.0410578,-74.1182492,True,US,United States
London,"London, England","london, england, England",1,,,,51.5074456,-0.1277653,True,GB,England
Bayonne,"Bayonne, France","bayonne, france",1,,,,43.4945144,-1.4736657,True,FR,France
Hatfield Herts,"Hatfield Herts, England","hatfield, england, England",1,,,,51.7634675,-0.2258741,True,GB,England
"Antwerp,Belgium",,,1,,,,51.2211097,4.3997081,True,BE,Belgium
"Dublin,Ireland",,,1,,,,53.3493795,-6.2605593,True,IE,Ireland
Ghent,"Ghent, Belgium","ghent, belgium",1,,,,51.0538286,3.7250121,True,BE,Belgium
Leicester Castle,"Leicester Castle, England",England,1,,,,52.6323702,-1.140593,True,GB,England
"Kings Langley,Herts","Kings Langley, England","kings langley, england, England",1,,,,51.7135573,-0.4503027,True,GB,England
Tower of London,"Tower of London, England","tower of london, england, England",1,,,,51.508217,-0.0761879,True,GB,England
"Waltham,Near Winchester","Waltham, England","waltham, england, England",1,,,,51.0551516,-1.3290508,True,GB,England
Calais,"Calais, France","calais, france",1,,,,50.9524769,1.8538446,True,FR,France
"Orleans,France",,,1,,,,47.9027336,1.9086066,True,FR,France
"Stirling,Scotland",,,1,,,,56.1181242,-3.9360012,True,GB,Scotland
"Eltham Palace,Kent","Eltham Palace, England",England,1,,,,51.2070749,0.7210362,True,GB,England
Perth,"Perth, Perth and Kinross, Scotland, United Kingdom","perth, scotland, united kingdom",1,,,,56.3952,-3.4314,True,GB,United Kingdom
Deventer,"Deventer, Netherlands","deventer, netherlands",1,,,,52.2694896,6.2364886,True,NL,Netherlands
Hertford,"Hertford, United States","hertford, united states",1,,,,36.3560545,-77.0115135,True,US,United States
Near Carlisle,"Near Carlisle, England","carlisle, england, England",1,,,,54.913312,-2.9192473,True,GB,England
Castile,"Castile, Spain","castile, spain",1,,,,42.6289515,-78.0544514,True,ES,Spain
"Herdeby,Near Grantham,Lincolnshire","Herdeby, England","herdeby, england, England",1,,,,53.1823034,-0.2031209,True,GB,England
"Westminster,London,England",,,1,,,,51.5004439,-0.1265398,True,GB,England
"Merton,Surrey","Merton, England","merton, england, England",1,,,,51.1423906,-0.4774898,True,GB,England
Holy Land,"Holy Land, United States",united states,1,,,,45.0136777,-93.2470188,True,US,United States
"Acre,Palestine",,,1,,,,33.3423153,44.4169736,True,NONE,
"Clare,Suffolk,England",,,1,,,,52.0793283,0.5820634,True,GB,England
Bordeaux,"Bordeaux, France","bordeaux, france",1,,,,44.841225,-0.5800364,True,FR,France
Brussels,"Brussels, Belgium","brussels, belgium",1,,,,50.8465573,4.351697,True,BE,Belgium
Kennington,"Kennington, England","kennington, england, England",1,,,,51.4882861,-0.1058829,True,GB,England
Amesbury,"Amesbury, United States","amesbury, united states",1,,,,42.8579536,-70.9300921,True,US,United States
Rhuddlan Castle,"Rhuddlan Castle, England",England,1,,,,53.2891801,-3.4642147,True,GB,England
Aquitaine,"Aquitaine, France","aquitaine, france",1,,,,44.2462064,-0.1839979,True,FR,France
"Marlborough,Castle","Marlborough Castle (Marlborough Mound), Marlborough, Wiltshire, England","marlborough, england, England",1,,,,51.4206,-1.732,True,GB,England
"Brotherton,Yorkshire,England",,,1,,,,53.7281813,-1.2713416,True,GB,England
Winchester,"Winchester, England","winchester, england, England",1,,,,51.0612766,-1.3131692,True,GB,England
"Winchester,Castle","Winchester, England","winchester, england, England",1,,,,51.064366,-1.3201176,True,GB,England
Aix-en-Provence,"Aix-en-Provence, France","aix enceinte provence, france, France",1,,,,43.5298424,5.4474738,True,FR,France
"Amesbury,Wiltshire","Amesbury, England","amesbury, england, England",1,,,,51.1706875,-1.7706128,True,GB,England
"Convent Church,Amesbury","Convent Church, Amesbury, Wiltshire, England","amesbury, england, England",1,,,,42.8579536,-70.9300921,True,GB,England
"Cupar Castle,Fife","Cupar Castle, Scotland","cupar castle, scotland, Scotland",1,,,,56.3333331,-3.0000001,True,GB,Scotland
Westminster,"Westminster, England","westminster, england, England",1,,,,51.5004439,-0.1265398,True,GB,England
Maastricht,"Maastricht, Netherlands","maastricht, netherlands",1,,,,50.8512438,5.6909768,True,NL,Netherlands
"Schloss Rahr,Near Aachen","Schloss Rahr, Germany",Germany,1,,,,51.132302,6.4107342,True,DE,Germany
"Szczecin,Poland",,,1,,,,53.4296809,14.5929127,True,PL,Poland
"Kiel,Germany",,,1,,,,54.3227085,10.135555,True,DE,Germany
"Jakobstadt,Latvia",,,1,,,,56.4958638,25.8687747,True,LV,Latvia
"Near Moscow,Russia","Moscow, Russia","moscow, russia",1,,,,55.7582857,37.6043689,True,NONE,
Lincoln,"Lincoln, United States","lincoln, united states",1,,,,40.8088861,-96.7077751,True,US,United States
Agincourt,"Agincourt, France","agincourt, france",1,,,,48.7323472,6.236384,True,FR,France
"Barking Abbey,Essex,England",,,1,,,,51.7704679,0.4646698,True,GB,England
",,,Ireland",,,1,,,,52.865196,-7.9794599,True,IE,Ireland
"Beaumont Palace,Oxford,England",,,1,,,,51.7520131,-1.2578499,True,GB,England
"Newark Castle,Newark,Nottinghamshire,England",,,1,,,,53.0802549,-0.8131753,True,GB,England
"Worcester,Cathedral","Worcester, England","worcester, england, England",1,,,,52.1895156,-2.2200521,True,GB,England
Angouleme,"Angouleme, France","angouleme, france",1,,,,45.6484505,0.1561947,True,FR,France
Fontevraud,"Fontevraud, France","fontevraud, france",1,,,,47.1813534,0.0378807,True,FR,France
Fontevraud Abbey,"Abbaye Royale de Fontevraud, Fontevraud-l'Abbaye, Maine-et-Loire, France","fontevraud-labbaye, france",1,,,,47.1813,0.0513,True,FR,France
"Winchester,Castle,England",,,1,,,,51.0630153,-1.319524,True,GB,England
"Newark Castle,Newark,England",,,1,,,,53.0802549,-0.8131753,True,GB,England
"Gloucester,England",,,1,,,,51.8653705,-2.2458192,True,GB,England
"Near London,England",,,1,,,,53.4750463,-2.2298879,True,GB,England
Gloucester,"Gloucester, England","gloucester, england, England",1,,,,51.8653705,-2.2458192,True,GB,England
Foggia,"Foggia, Italy","foggia, italy",1,,,,41.5028106,15.4528939,True,IT,Italy
"Montargis,France",,,1,,,,47.9978628,2.7310072,True,FR,France
Le Mans,"Le Mans, France","le mansion, france",1,,,,48.0073849,0.1967849,True,FR,France
Chinon,"Chinon, France","chinon, france",1,,,,47.1667182,0.2402095,True,FR,France
Bordeaux/Berlin,"Bordeaux/Berlin, Germany","bordeaux, berlin, germany",1,,,,52.5987237,13.4357587,True,DE,Germany
"Normandy,England",,,1,,,,51.2550773,-0.673856,True,GB,England
"Wallingford,Castle,Berkshire,England",,,1,,,,51.4837886,-0.6040419,True,GB,England
Bermondsey,"Bermondsey, England","bermondsey, england, England",1,,,,51.4970125,-0.063268,True,GB,England
Martel,"Martel, France","martel, france",1,,,,44.9373274,1.6096276,True,FR,France
Brunswick,"Brunswick, Germany","brunswick, germany",1,,,,52.2646577,10.5236066,True,DE,Germany
"Chalus,Limousin","Chalus, France","chalus, france",1,,,,45.6516342,0.9798059,True,FR,France
"Domfront,Normandy","Domfront, France","domfront, france",1,,,,48.5931801,-0.6473487,True,FR,France
Burgos,"Burgos, Spain","burgos, spain",1,,,,42.343926,-3.696977,True,ES,Spain
Angers,"Angers, France","angers, france",1,,,,47.4739884,-0.5515588,True,FR,France
"Falaise,Normandy,France",,,1,,,,48.8964741,-0.1999129,True,FR,France
"Near Rouen,France",,,1,,,,46.603354,1.8883335,True,FR,France
"St Stephen Abbey,Caen,Normandy","St Stephen Abbey, Caen, France","street stephen abbey, caen, france",1,,,,49.1813403,-0.3635615,True,FR,France
"Flanders,France",,,1,,,,50.6112375,2.7451212,True,FR,France
Caen,"Caen, France","caen, france",1,,,,49.1813403,-0.3635615,True,FR,France
"Holy Trinity,Abbey,Caen","Holy Trinity, Caen, France","caen, france",1,,,,48.9055604,-0.2040307,True,FR,France
"Normandy,France",,,1,,,,49.0677708,0.3138532,True,FR,France
Cardiff Castle,"Cardiff Castle, England","cardiff castle, england, England",1,,,,51.4823315,-3.181171,True,GB,England
New Forest,"New Forest, England","england, England",1,,,,50.8557268,-1.5956844,True,GB,England
"Winchester,Cathedral","Winchester, England","winchester, england, England",1,,,,51.0607326,-1.3132458,True,GB,England
"Marcigny-sur-,Loire,France",,,1,,,,45.7538536,4.0454737,True,FR,France
"Brittany,France",,,1,,,,48.2640845,-2.9202408,True,FR,France
"Selby,Yorkshire,England",,,1,,,,53.785097,-1.0990407,True,GB,England
"St Denis-le-,Fermont,Near Gisors","St Denis-le-, France","saint denis-le, france",1,,,,49.291,1.689,True,FR,France
Reading Abbey,"Reading Abbey, England","reading abbey, england, England",1,,,,51.456203,-0.9650458,True,GB,England
"Louvain,Belgium",,,1,,,,50.879202,4.7011675,True,BE,Belgium
"Afflighem,Flanders","Afflighem, France","afflighem, france",1,,,,51.0962462,4.1786291,True,FR,France
Dover Castle,"Dover Castle, England",England,1,,,,51.1289759,1.3228764,True,GB,England
Faversham Abbey,"Faversham Abbey, England","faversham abbey, england, England",1,,,,51.3171337,0.8948973,True,GB,England
Boulogne,"Boulogne, France","boulogne, france",1,,,,46.7947224,-1.3210389,True,FR,France
"Hedingham Castle,Essex,England",,,1,,,,51.9924915,0.6014794,True,GB,England
Toulouse,"Toulouse, France","toulouse, france",1,,,,43.6044622,1.4442469,True,FR,France
St Austrebert,"Abbaye Saint-Austreberthe, Montreuil-sur-Mer, Pas-de-Calais, France","passage de calais, france",1,,,,50.463,1.763,True,FR,France
Utrecht,"Utrecht, Netherlands","utrecht, netherlands",1,,,,52.0907006,5.1215634,True,NL,Netherlands
Chateau-du-Loir,"Chateau-du-Loir, France","chateau-du-loir, france",1,,,,47.6995205,0.4310474,True,FR,France
"Bordeaux,France",,,1,,,,44.841225,-0.5800364,True,FR,France
"Pontefract,Castle","Pontefract, England","pontefract, england, England",1,,,,53.695425,-1.3040108,True,GB,England
Prague,"Prague, Czechia",Czechia,1,,,,50.0874654,14.4212535,True,CZ,Czechia
Blois,"Blois, France","blois, france",1,,,,47.5876861,1.3337639,True,FR,France
"Celestines,Paris","Celestines, Paris, France","paris, france",1,,,,48.8534951,2.3483915,True,FR,France
"Leicester,England",,,1,,,,52.6362,-1.1331969,True,GB,England
Dublin,"Dublin, Ireland","dublin, ireland",1,,,,53.3493795,-6.2605593,True,IE,Ireland
"Niort,France",,,1,,,,46.3239233,-0.4646064,True,FR,France
"St Cyr,France",,,1,,,,49.4877114,-1.4194777,True,FR,France
St Cyr,"St Cyr, France","street, cyr, france",1,,,,49.4877114,-1.4194777,True,FR,France
"Vienna,Austria",,,1,,,,48.2083537,16.3725042,True,AT,Austria
"Cardoss Castle,Firth of Clyde,Scotland",,,1,,,,55.5035646,-4.8515956,True,GB,Scotland
"Edinburgh,Scotland",,,1,,,,55.9533456,-3.1883749,True,GB,Scotland
"Roxburgh Castle,Scotland",,,1,,,,55.5966085,-2.4561649,True,GB,Scotland
St. Paul's,"St. Paul's, England","street, pauls, england, England",1,,,,51.5149144,-0.0975883,True,GB,England
"Islip,Oxfordshire,England",,,1,,,,51.8231826,-1.2364036,True,GB,England
Hastings,"Hastings, England","hastings, england, England",1,,,,50.8553888,0.5824703,True,GB,England
"Shaftesbury,England",,,1,,,,51.0056195,-2.1955975,True,GB,England
"Winchester,Cathedral,London,England",,,1,,,,51.4958266,-0.1394181,True,GB,England
"Oxford,England",,,1,,,,51.7520131,-1.2578499,True,GB,England
"St Clement Danes,London,England",,,1,,,,51.5131211,-0.1138393,True,GB,England
"Cooksville,Near Toronto,Ontario,Canada",,,1,,,,43.7784533,-79.1916644,True,CA,Canada
Stockwell,"Stockwell, England","stockwell, england, England",1,,,,51.472211,-0.1225014,True,GB,England
Beaumaris Castle,"Beaumaris Castle, England",England,1,,,,53.2648344,-4.0897597,True,GB,England
Pamplona,"Pamplona, Spain","pamplona, spain",1,,,,42.815686,-1.6522353,True,ES,Spain
"Havering atte,Bower,Essex,England",,,1,,,,51.6203612,0.1812697,True,GB,England
"Talence,Gironde,France",,,1,,,,44.8088438,-0.5879629,True,FR,France
"Heidelberg,Germany",,,1,,,,49.4093582,8.694724,True,DE,Germany
"Milan,Italy",,,1,,,,45.4641943,9.1896346,True,IT,Italy
"Pau,Bearn,France",,,1,,,,43.3175502,-0.3654323,True,FR,France
"Marseilles,France",,,1,,,,47.0706778,3.0029271,True,FR,France
"Christiansborg,Nr: Copenhagen,Denmark",,,1,,,,55.6764463,12.5811865,True,DK,Denmark
"Amalienborg,Denmark",,,1,,,,55.6839601,12.5930781,True,DK,Denmark
"Fredensborg,Denmark",,,1,,,,55.9821565,12.3950911,True,DK,Denmark
Klausholm,"Klausholm, Denmark","klausholm, denmark, Denmark",1,,,,56.441085,8.534191,True,DK,Denmark
Flensborg,"Flensburg, Germany","flensburg, germany",1,,,,54.7833021,9.4333264,True,DE,Germany
Frederiksborg,"Frederiksborg, Denmark","frederiksborg, denmark",1,,,,55.9285735,12.3063909,True,DK,Denmark
Odense,"Odense, Denmark","odense, denmark",1,,,,55.3997225,10.3852104,True,DK,Denmark
"Haderslev,Denmark",,,1,,,,55.2500715,9.4997871,True,DK,Denmark
Herzberg,"Herzberg, Germany","herzberg, germany",1,,,,51.6565219,10.3428415,True,DE,Germany
Coldingen,"Coldingham, Scottish Borders, Scotland, United Kingdom","coldingham, scotland, united kingdom",1,,,,55.8865,-2.1552,True,GB,United Kingdom
Sonderburg,"Sonderburg, Germany","sonderburg, germany",1,,,,54.9089186,9.7897999,True,DE,Germany
Kiel,"Kiel, Denmark","kiel, denmark",1,,,,54.3227085,10.135555,True,DK,Denmark
Keil,"Keil, Germany","keil, germany",1,,,,50.6271381,11.2234177,True,DE,Germany
Ludwigslust,"Ludwigslust, Germany","ludwigslust, germany",1,,,,53.3300229,11.4993644,True,DE,Germany
Glucksburg,"Glucksburg, Denmark","glucksburg, denmark",1,,,,54.8454448,9.5620334,True,DK,Denmark
Neustrelitz,"Neustrelitz, Germany","neustrelitz, germany",1,,,,53.3617163,13.0630004,True,DE,Germany
"Oldenburg,Germany",,,1,,,,53.1389753,8.2146017,True,DE,Germany
"Coburg,Germany",,,1,,,,50.2582226,10.964561,True,DE,Germany
"St Marguerite,Cemetery,France",,,1,,,,45.8057836,-0.2101927,True,FR,France
Claremont,"Claremont, United States","claremont, united states",1,,,,34.0966764,-117.7197785,True,US,United States
"Poissy,,,France",,,1,,,,48.9274192,2.0426301,True,FR,France
Perpignan,"Perpignan, France","perpignan, france",1,,,,42.6985304,2.8953121,True,FR,France
"Tunis,,,Africa","Tunis, Italy","tunis, italy",1,,,,36.8107673,10.1408787,True,IT,Italy
"Auvergne,France",,,1,,,,45.2968119,4.6604809,True,FR,France
"Vincennes,France",,,1,,,,48.8474508,2.4396714,True,FR,France
"Seville,,,Spain",,,1,,,,37.3886303,-5.9953403,True,ES,Spain
Glastonbury,"Glastonbury, England","glastonbury, england, England",1,,,,51.14804,-2.716577,True,GB,England
Malmesbury,"Malmesbury, England","malmesbury, england, England",1,,,,51.58447,-2.0982042,True,GB,England
"Cognac,France",,,1,,,,45.6931647,-0.3250175,True,FR,France
"Rambouillet,France",,,1,,,,48.6452851,1.819207,True,FR,France
"Abbey Barbeaux,Melun,France",,,1,,,,48.539927,2.6608169,True,FR,France
"Wantage,,,England",,,1,,,,51.5878072,-1.4249258,True,GB,England
"Goslar,,,Germany",,,1,,,,51.9059936,10.4266284,True,DE,Germany
"Liege,,,Belgium",,,1,,,,50.4708159,5.7735459,True,BE,Belgium
"Olesko,Now:,Ukraine,SSR","Olesko, Russia","olesko, russia",1,,,,48.6371609,34.9027961,True,NONE,
"Wilanow,Nr.,Warsaw,Poland",,,1,,,,52.1530829,21.1104411,True,PL,Poland
"Graz,Austria",,,1,,,,47.0708678,15.4382786,True,AT,Austria
"Nancy,Lorraine","Nancy, France","nancy, france",1,,,,48.6937223,6.1834097,True,FR,France
"Saint-Germain,en-Laye","Saint-Germain, France","saint-germain, france",1,,,,48.8990413,2.0942792,True,FR,France
"Gonesse,Nr: Paris,France",,,1,,,,48.8588897,2.320041,True,FR,France
"Mantes,France",,,1,,,,43.1467407,-0.3189166,True,FR,France
"Vitry-en-Brie,France",,,1,,,,46.603354,1.8883335,True,FR,France
"Lyons,France",,,1,,,,49.5032625,1.5854911,True,FR,France
"Longchamp,France",,,1,,,,47.260804,5.2864826,True,FR,France
"Nogent-le-Roi,France",,,1,,,,48.6485761,1.5322266,True,FR,France
"Le Mans,France",,,1,,,,48.0073849,0.1967849,True,FR,France
"Palace Royal,France,France",,,1,,,,48.816118,7.5331965,True,FR,France
"Bourges,France",,,1,,,,47.0811658,2.399125,True,FR,France
"Notre Dame,de Clery,France",,,1,,,,47.820139,1.755292,True,FR,France
Amboise,"Amboise, France","amboise, france",1,,,,47.4110351,0.983698,True,FR,France
Modano,"Modano, United States","modano, united states",1,,,,29.5463995,-95.4933307,True,US,United States
"Nora,Sweden",,,1,,,,59.533333,15.016667,True,SE,Sweden
"Bruges,Flanders","Bruges, Belgium","bruges, belgium",1,,,,51.2085526,3.226772,True,BE,Belgium
"Sandringham,England",,,1,,,,52.8427652,0.4318137,True,GB,England
Canada,,,1,,,,61.0666922,-107.991707,True,CA,Canada
Austria,,,1,,,,47.59397,14.12456,True,AT,Austria
France,,,1,,,,46.603354,1.8883335,True,FR,France
"Nr Cassel,France",,,1,,,,50.8000011,2.4868314,True,FR,France
Zuidschote,"Zuidschote, France","zuidschote, france",1,,,,50.9129617,2.8285726,True,FR,France
"Winter Palace,,St. Petersburg,Russia","Winter Palace, St Petersburg, Russia","winter palace street, petersburg, russia",1,,,,59.9404625,30.3151887,True,NONE,
"Whippingham,Isle of Wight","Whippingham, England","whippingham, england, England",1,,,,50.740502,-1.2703607,True,GB,England
"Chapel Royal,St. James Palace","Chapel Royal, St James Palace, London, England","london, england, England",1,,,,51.5055097,-0.1368605,True,GB,England
"Osborne House,Isle of Wight","Osborne House, England",England,1,,,,50.7505771,-1.2700819,True,GB,England
"St. Paul's,Cathedral,London,England",,,1,,,,51.4958266,-0.1394181,True,GB,England
"Chateau de Cande,Monts,,France",,,1,,,,47.2969202,0.6642474,True,FR,France
"Windsor Castle,,,England",,,1,,,,51.4837886,-0.6040419,True,GB,England
"Windsor,England",,,1,,,,51.4837886,-0.6040419,True,GB,England
"St. Margarets,Westminster,England",,,1,,,,51.5004439,-0.1265398,True,GB,England
Caxton Hall,"Caxton Hall, England","caxton hall, england, England",1,,,,51.4986976,-0.134922,True,GB,England
"Carlton House,London,England",,,1,,,,51.5345813,-0.198555,True,GB,England
Bolongne,"Boulogne-sur-Mer, Pas-de-Calais, France","passage de calais, boulogne-sur-mer, france",1,,,,50.7264,1.6147,True,FR,France
"Chapel Royal,St. James","Chapel Royal, England","royal, england, England",1,,,,51.1270155,0.2599546,True,GB,England
"Church of,San Jeronimo,Madrid,Spain",,,1,,,,40.414505,-3.6909511,True,ES,Spain
"Bucharest,Romania",,,1,,,,44.4361414,26.1027202,True,RO,Romania
"Oslo Cathedral,Oslo,Norway",,,1,,,,59.9125115,10.747012,True,NO,Norway
"Tegernsee,,Bavaria",,,1,,,,47.7099191,11.7543337,True,NONE,
"Chapel Royal,St. James,England",,,1,,,,51.1270155,0.2599546,True,GB,England
Breda,"Breda, Netherlands","breda, netherlands",1,,,,51.5887845,4.7760237,True,NL,Netherlands
"Dover,,England",,,1,,,,51.1251275,1.3134228,True,GB,England
Monte Fiascone,"Monte Fiascone, Italy","monte fiascone, italy",1,,,,45.6632366,13.7974382,True,IT,Italy
Marcerata,"Macerata, Marche, Italy","macerata marche, italy",1,,,,43.3002,13.453,True,IT,Italy
"Canterbury,,England",,,1,,,,51.2800275,1.0802533,True,GB,England
"Portsmouth,England",,,1,,,,50.800031,-1.0906023,True,GB,England
"Westminster,,England",,,1,,,,51.5004439,-0.1265398,True,GB,England
"Chichester,Register Office,England",,,1,,,,51.4480097,-0.32432,True,GB,England
"Dummer,,England",,,1,,,,51.2123026,-1.1564776,True,GB,England
"St. Pauls Cath.,London,England",,,1,,,,51.4893335,-0.1440551,True,GB,England
Holyrod Abbey,"Holyrood Abbey, Edinburgh, Scotland","holyrood abbey, edinburgh, scotland, Scotland",1,,,,55.952,-3.171,True,GB,Scotland
Abbeville,"Abbeville, France","abbeville, france",1,,,,50.1060835,1.8337029,True,FR,France
"Grey Friars Ch.,Greenwich,England",,,1,,,,51.4820845,-0.0045417,True,GB,England
"York Place,,England",,,1,,,,51.5594233,0.0690757,True,GB,England
"Durham House,London,England",,,1,,,,51.5091059,-0.1234273,True,GB,England
"Salem,Bavaria",,,1,,,,53.6563082,10.8253152,True,NONE,
"Dinard,,France",,,1,,,,48.6320379,-2.0580178,True,FR,France
"Asker,Near Oslo,Norway",,,1,,,,61.1529386,8.7876653,True,NO,Norway
Odessa,"Odesa, Russia","odesa, russia",1,,,,46.4843023,30.7322878,True,NONE,
"St. Stephen's,Chapel,Westminster,England",,,1,,,,51.5105657,-0.1198932,True,GB,England
"Rio de Janerio,Brazil",,,1,,,,-10.3333333,-53.2,True,BR,Brazil
"Amsterdam,Netherlands",,,1,,,,52.3730796,4.8924534,True,NL,Netherlands
"Titchfield,Abbey,Hants","Titchfield, Hampshire, England","titchfield, england, England",1,,,,44.9849414,-64.1114622,True,GB,England
Troyes,"Troyes, France","troyes, france",1,,,,48.2971626,4.0746257,True,FR,France
Arundel Castle,"Arundel Castle, England",England,1,,,,50.856776,-0.5540305,True,GB,England
York Minster,"York Minster, England","york, minster, england, England",1,,,,53.9623561,-1.0820834,True,GB,England
Reading,"Reading, England","reading, england, England",1,,,,51.4514953,-0.9836342,True,GB,England
Ni jmegen,"Nijmegen, Gelderland, Netherlands","nijmegen, gelderland, netherlands",1,,,,51.842,5.852,True,NL,Netherlands
Las Huelgas,"Las Huelgas, Spain","las huelgas, spain",1,,,,38.0135643,-3.7968446,True,ES,Spain
"Canterbury,Cathedral","Canterbury, England","canterbury, england, England",1,,,,51.2797999,1.082766,True,GB,England
Therouenne,"Thérouanne, France","therouanne, france",1,,,,48.444586,2.7526389,True,FR,France
Leghorn,"Leghorn, Italy","leghorn, italy",1,,,,42.7902379,10.3402239,True,IT,Italy
Marlebridge,"Marlborough, Wiltshire, England","marlborough, england, England",1,,,,51.42,-1.73,True,GB,England
Mainz,"Mainz, France","mainz, france",1,,,,49.9995205,8.2736253,True,FR,France
Biarritz,"Biarritz, France","biarritz, france",1,,,,43.4832523,-1.5592776,True,FR,France
Roquefort,"Roquefort, France","roquefort, france",1,,,,43.7589265,0.6032061,True,FR,France
"St Jean-de-Luz,France",,,1,,,,43.387219,-1.6636947,True,FR,France
Berwick-on-Tweed,"Berwick-on-Tweed, England","berwick ontario tweed, england, England",1,,,,55.7692442,-2.0026472,True,GB,England
"Minden,Saxony,Germany",,,1,,,,51.4161908,9.6550096,True,DE,Germany
",,,Russia",,,1,,,,64.6863136,97.7453061,True,NONE,
"Fawley,Bucks","Fawley, England","fawley, england, England",1,,,,51.7834994,-0.8946441,True,GB,England
"Kaiserslautern,Germany",,,1,,,,49.4432174,7.7689951,True,DE,Germany
Worms,"Worms, Germany","worms, germany",1,,,,49.6302618,8.3620898,True,DE,Germany
York,"York, England","york, england, England",1,,,,53.9656578,-1.0743052,True,GB,England
Ipswich,"Ipswich, England","ipswich, england, England",1,,,,52.0579324,1.1528095,True,GB,England
"Cologne,Germany",,,1,,,,50.938361,6.959974,True,DE,Germany
Lund,"Lund, Sweden","lund, sweden",1,,,,55.7029296,13.1929449,True,SE,Sweden
"Saille,Near Guerrand","Saille, France","saille, france",1,,,,47.329,-2.427,True,FR,France
Sceaux,"Sceaux, France","sceaux, france",1,,,,47.5147285,4.0218449,True,FR,France
Gluckstadt,"Gluckstadt, Germany","gluckstadt, germany",1,,,,53.787927,9.4238157,True,DE,Germany
Lauenburg,"Lauenburg, Germany","lauenburg, germany",1,,,,53.3789803,10.5513889,True,DE,Germany
Augustenburg,"Augustenburg, Germany","augustenburg, germany",1,,,,54.9506719,9.8743203,True,DE,Germany
Compiegne,"Compiegne, France","compiegne, france",1,,,,49.4179497,2.8263171,True,FR,France
"Guildhall,London,England",,,1,,,,51.5159066,-0.092024,True,GB,England
